,simulation,total_demand,total_generation,capacity,max_power_charging,max_power_discharging,costs,ssr,scr
0,Without Storage,2180.1295108333334,631.9959149069084,0.0,0.0,0.0,698.3662304723787,0.1991688716173622,0.6870518058907787
1,Greedy,2180.1295108333334,631.9959149069084,0.5,0.6,0.3,665.8583444116284,0.23644634286300892,0.8756925336691458
2,Greedy,2180.1295108333334,631.9959149069084,1.0,0.6,0.3,653.3218182515624,0.25082223899414535,0.948155109737872
3,Greedy,2180.1295108333334,631.9959149069084,1.5,0.6,0.3,647.4408042759874,0.25756612043140814,0.9819009880894517
4,Greedy,2180.1295108333334,631.9959149069084,2.0,0.6,0.3,645.3375345032908,0.2599779837659544,0.9936708296911643
5,Greedy,2180.1295108333334,631.9959149069084,2.5,0.6,0.3,644.4494305589359,0.2609963910898563,0.9983717625826305
6,Greedy,2180.1295108333334,631.9959149069084,3.0,0.6,0.3,644.0895318431487,0.26140909445678795,0.9999999999999999
7,Greedy,2180.1295108333334,631.9959149069084,3.5,0.6,0.3,644.0095318431487,0.2615008321260439,0.9999999999999999
8,Greedy,2180.1295108333334,631.9959149069084,4.0,0.6,0.3,643.9295318431488,0.26159256979529977,0.9999999999999999
